Город,Дата,Погода
Москва,12.11.2002,-3
Москва,13.11.2002,-4
Москва,14.11.2002,0
Москва,15.11.2002,-1
Москва,16.11.2002,0
Екатеринбург,12.11.2002,-3
Екатеринбург,13.11.2002,-4
Екатеринбург,14.11.2002,0
Екатеринбург,15.11.2002,-1
Екатеринбург,16.11.2002,0
Новосибирск,12.11.2002,-10
Новосибирск,13.11.2002,-7
Новосибирск,14.11.2002,-6
Новосибирск,15.11.2002,-13
Новосибирск,16.11.2002,-20
Могилёв,12.11.2002,-3
Могилёв,13.11.2002,-4
Могилёв,14.11.2002,0
Могилёв,15.11.2002,-1
Могилёв,16.11.2002,0
Иркутск,12.11.2002,-10
Иркутск,13.11.2002,-7
Иркутск,14.11.2002,-11
Иркутск,15.11.2002,-13
Иркутск,16.11.2002,-30
Москва,12.11.2002,"-12,79"
Москва,13.11.2002,"-13,30923077"
Москва,14.11.2002,"-13,82846154"
Москва,15.11.2002,"-14,34769231"
Москва,16.11.2002,"-14,86692308"
Екатеринбург,12.11.2002,"-15,38615385"
Екатеринбург,13.11.2002,"-15,90538462"
Екатеринбург,14.11.2002,"-16,42461538"
Екатеринбург,15.11.2002,"-16,94384615"
Екатеринбург,16.11.2002,"-17,46307692"
Новосибирск,12.11.2002,"-17,98230769"
Новосибирск,13.11.2002,"-18,50153846"
Новосибирск,14.11.2002,"-19,02076923"
Новосибирск,15.11.2002,"-19,54"
Новосибирск,16.11.2002,"-20,05923077"
Могилёв,12.11.2002,"-20,57846154"
Могилёв,13.11.2002,"-21,09769231"
Могилёв,14.11.2002,"-21,61692308"
Могилёв,15.11.2002,"-22,13615385"
Москва,12.11.2002,"-22,65538462"
Москва,13.11.2002,"-23,17461538"
Москва,14.11.2002,"-23,69384615"
Москва,15.11.2002,"-24,21307692"
Москва,16.11.2002,"-24,73230769"
Екатеринбург,12.11.2002,"-25,25153846"
Екатеринбург,13.11.2002,"-25,77076923"
Екатеринбург,14.11.2002,"-26,29"
Екатеринбург,15.11.2002,"-26,80923077"
Екатеринбург,16.11.2002,"-27,32846154"
Новосибирск,12.11.2002,"-27,84769231"
Новосибирск,13.11.2002,"-28,36692308"
Новосибирск,14.11.2002,"-28,88615385"
Новосибирск,15.11.2002,"-29,40538462"
Новосибирск,16.11.2002,"-29,92461538"
Могилёв,12.11.2002,"-30,44384615"
Могилёв,13.11.2002,"-30,96307692"
Могилёв,14.11.2002,"-31,48230769"
Могилёв,15.11.2002,"-32,00153846"
Могилёв,16.11.2002,"-32,52076923"
Иркутск,12.11.2002,"-33,04"
Иркутск,13.11.2002,"-33,55923077"
Иркутск,14.11.2002,"-34,07846154"
Иркутск,15.11.2002,"-34,59769231"
Иркутск,16.11.2002,"-35,11692308"
Москва,12.11.2002,"-35,63615385"
Москва,13.11.2002,"-36,15538462"
Москва,14.11.2002,"-36,67461538"
Москва,15.11.2002,"-37,19384615"
Москва,16.11.2002,"-37,71307692"
Екатеринбург,12.11.2002,"-38,23230769"
Екатеринбург,13.11.2002,"-38,75153846"
Екатеринбург,14.11.2002,"-39,27076923"
Екатеринбург,15.11.2002,"-39,79"
Екатеринбург,16.11.2002,"-40,30923077"
Новосибирск,12.11.2002,"-40,82846154"
Новосибирск,13.11.2002,"-41,34769231"
Новосибирск,14.11.2002,"-41,86692308"
Новосибирск,15.11.2002,"-42,38615385"
Новосибирск,16.11.2002,"-42,90538462"
Могилёв,12.11.2002,"-43,42461538"
Могилёв,13.11.2002,"-43,94384615"
Могилёв,14.11.2002,"-44,46307692"
Могилёв,15.11.2002,"-44,98230769"
Москва,12.11.2002,"-45,50153846"
Москва,13.11.2002,"-46,02076923"
Москва,14.11.2002,"-46,54"
Москва,15.11.2002,"-47,05923077"
Москва,16.11.2002,"-47,57846154"
Екатеринбург,12.11.2002,"-48,09769231"
Екатеринбург,13.11.2002,"-48,61692308"
Екатеринбург,14.11.2002,"-49,13615385"
Екатеринбург,15.11.2002,"-49,65538462"
Екатеринбург,16.11.2002,"-50,17461538"
Новосибирск,12.11.2002,"-50,69384615"
Новосибирск,13.11.2002,"-51,21307692"
Новосибирск,14.11.2002,"-51,73230769"
Новосибирск,15.11.2002,"-52,25153846"
Новосибирск,16.11.2002,"-52,77076923"
Могилёв,12.11.2002,"-53,29"
Могилёв,13.11.2002,"-53,80923077"
Могилёв,14.11.2002,"-54,32846154"
Могилёв,15.11.2002,"-54,84769231"
Могилёв,16.11.2002,"-55,36692308"
Иркутск,12.11.2002,"-55,88615385"
Иркутск,13.11.2002,"-56,40538462"
Иркутск,14.11.2002,"-56,92461538"
Иркутск,15.11.2002,"-57,44384615"
Иркутск,16.11.2002,"-57,96307692"
Москва,12.11.2002,"-58,48230769"
Москва,13.11.2002,"-59,00153846"
Москва,14.11.2002,"-59,52076923"
Москва,15.11.2002,"-60,04"
Москва,16.11.2002,"-60,55923077"
Екатеринбург,12.11.2002,"-61,07846154"
Екатеринбург,13.11.2002,"-61,59769231"
Екатеринбург,14.11.2002,"-62,11692308"
Екатеринбург,15.11.2002,"-62,63615385"
Екатеринбург,16.11.2002,"-63,15538462"
Новосибирск,12.11.2002,"-63,67461538"
Новосибирск,13.11.2002,"-64,19384615"
Новосибирск,14.11.2002,"-64,71307692"
Новосибирск,15.11.2002,"-65,23230769"
Новосибирск,16.11.2002,"-65,75153846"
Могилёв,12.11.2002,"-66,27076923"
Могилёв,13.11.2002,"-66,79"
Могилёв,14.11.2002,"-67,30923077"
Могилёв,15.11.2002,"-67,82846154"
Москва,12.11.2002,"-68,34769231"
Москва,13.11.2002,"-68,86692308"
Москва,14.11.2002,"-69,38615385"
Москва,15.11.2002,"-69,90538462"
Москва,16.11.2002,"-70,42461538"
Екатеринбург,12.11.2002,"-70,94384615"
Екатеринбург,13.11.2002,"-71,46307692"
Екатеринбург,14.11.2002,"-71,98230769"
Екатеринбург,15.11.2002,"-72,50153846"
Екатеринбург,16.11.2002,"-73,02076923"
Новосибирск,12.11.2002,"-73,54"
Новосибирск,13.11.2002,"-74,05923077"
Новосибирск,14.11.2002,"-74,57846154"
Новосибирск,15.11.2002,"-75,09769231"
Новосибирск,16.11.2002,"-75,61692308"
Могилёв,12.11.2002,"-76,13615385"
Могилёв,13.11.2002,"-76,65538462"
Могилёв,14.11.2002,"-77,17461538"
Могилёв,15.11.2002,"-77,69384615"
Могилёв,16.11.2002,"-78,21307692"
Иркутск,12.11.2002,"-78,73230769"
Иркутск,13.11.2002,"-79,25153846"
Иркутск,14.11.2002,"-79,77076923"
Иркутск,15.11.2002,"-80,29"
Иркутск,16.11.2002,"-80,80923077"
Москва,12.11.2002,"-81,32846154"
Москва,13.11.2002,"-81,84769231"
Москва,14.11.2002,"-82,36692308"
Москва,15.11.2002,"-82,88615385"
Москва,16.11.2002,"-83,40538462"
Екатеринбург,12.11.2002,"-83,92461538"
Екатеринбург,13.11.2002,"-84,44384615"
Екатеринбург,14.11.2002,"-84,96307692"
Екатеринбург,15.11.2002,"-85,48230769"
Екатеринбург,16.11.2002,"-86,00153846"
Новосибирск,12.11.2002,"-86,52076923"
Новосибирск,13.11.2002,"-87,04"
Новосибирск,14.11.2002,"-87,55923077"
Новосибирск,15.11.2002,"-88,07846154"
Новосибирск,16.11.2002,"-88,59769231"
Могилёв,12.11.2002,"-89,11692308"
Могилёв,13.11.2002,"-89,63615385"
Могилёв,14.11.2002,"-90,15538462"
Могилёв,15.11.2002,"-90,67461538"
Москва,12.11.2002,"-91,19384615"
Москва,13.11.2002,"-91,71307692"
Москва,14.11.2002,"-92,23230769"
Москва,15.11.2002,"-92,75153846"
Москва,16.11.2002,"-93,27076923"
Екатеринбург,12.11.2002,"-93,79"
Екатеринбург,13.11.2002,"-94,30923077"
Екатеринбург,14.11.2002,"-94,82846154"
Екатеринбург,15.11.2002,"-95,34769231"
Екатеринбург,16.11.2002,"-95,86692308"
Новосибирск,12.11.2002,"-96,38615385"
Новосибирск,13.11.2002,"-96,90538462"
Новосибирск,14.11.2002,"-97,42461538"
Новосибирск,15.11.2002,"-97,94384615"
Новосибирск,16.11.2002,"-98,46307692"
Могилёв,12.11.2002,"-98,98230769"
Могилёв,13.11.2002,"-99,50153846"
Могилёв,14.11.2002,"-100,0207692"
Могилёв,15.11.2002,"-100,54"
Могилёв,16.11.2002,"-101,0592308"
Иркутск,12.11.2002,"-101,5784615"
Иркутск,13.11.2002,"-102,0976923"
Иркутск,14.11.2002,"-102,6169231"
Иркутск,15.11.2002,"-103,1361538"
Иркутск,16.11.2002,"-103,6553846"
Москва,12.11.2002,"-104,1746154"
Москва,13.11.2002,"-104,6938462"
Москва,14.11.2002,"-105,2130769"
Москва,15.11.2002,"-105,7323077"
Москва,16.11.2002,"-106,2515385"
Екатеринбург,12.11.2002,"-106,7707692"
Екатеринбург,13.11.2002,"-107,29"
Екатеринбург,14.11.2002,"-107,8092308"
Екатеринбург,15.11.2002,"-108,3284615"
Екатеринбург,16.11.2002,"-108,8476923"
Новосибирск,12.11.2002,"-109,3669231"
Новосибирск,13.11.2002,"-109,8861538"
Новосибирск,14.11.2002,"-110,4053846"
Новосибирск,15.11.2002,"-110,9246154"
Новосибирск,16.11.2002,"-111,4438462"
Могилёв,12.11.2002,"-111,9630769"
Могилёв,13.11.2002,"-112,4823077"
Могилёв,14.11.2002,"-113,0015385"
Могилёв,15.11.2002,"-113,5207692"
Москва,12.11.2002,"-114,04"
Москва,13.11.2002,"-114,5592308"
Москва,14.11.2002,"-115,0784615"
Москва,15.11.2002,"-115,5976923"
Москва,16.11.2002,"-116,1169231"
Екатеринбург,12.11.2002,"-116,6361538"
Екатеринбург,13.11.2002,"-117,1553846"
Екатеринбург,14.11.2002,"-117,6746154"
Екатеринбург,15.11.2002,"-118,1938462"
Екатеринбург,16.11.2002,"-118,7130769"
Новосибирск,12.11.2002,"-119,2323077"
Новосибирск,13.11.2002,"-119,7515385"
Новосибирск,14.11.2002,"-120,2707692"
Новосибирск,15.11.2002,"-120,79"
Новосибирск,16.11.2002,"-121,3092308"
Могилёв,12.11.2002,"-121,8284615"
Могилёв,13.11.2002,"-122,3476923"
Могилёв,14.11.2002,"-122,8669231"
Могилёв,15.11.2002,"-123,3861538"
Могилёв,16.11.2002,"-123,9053846"
Иркутск,12.11.2002,"-124,4246154"
Иркутск,13.11.2002,"-124,9438462"
Иркутск,14.11.2002,"-125,4630769"
Иркутск,15.11.2002,"-125,9823077"
Иркутск,16.11.2002,"-126,5015385"
Москва,12.11.2002,"-127,0207692"
Москва,13.11.2002,"-127,54"
Москва,14.11.2002,"-128,0592308"
Москва,15.11.2002,"-128,5784615"
Москва,16.11.2002,"-129,0976923"
Екатеринбург,12.11.2002,"-129,6169231"
Екатеринбург,13.11.2002,"-130,1361538"
Екатеринбург,14.11.2002,"-130,6553846"
Екатеринбург,15.11.2002,"-131,1746154"
Екатеринбург,16.11.2002,"-131,6938462"
Новосибирск,12.11.2002,"-132,2130769"
Новосибирск,13.11.2002,"-132,7323077"
Новосибирск,14.11.2002,"-133,2515385"
Новосибирск,15.11.2002,"-133,7707692"
Новосибирск,16.11.2002,"-134,29"
Могилёв,12.11.2002,"-134,8092308"
Могилёв,13.11.2002,"-135,3284615"
Могилёв,14.11.2002,"-135,8476923"
Могилёв,15.11.2002,"-136,3669231"
Москва,12.11.2002,"-136,8861538"
Москва,13.11.2002,"-137,4053846"
Москва,14.11.2002,"-137,9246154"
Москва,15.11.2002,"-138,4438462"
Москва,16.11.2002,"-138,9630769"
Екатеринбург,12.11.2002,"-139,4823077"
Екатеринбург,13.11.2002,"-140,0015385"
Екатеринбург,14.11.2002,"-140,5207692"
Екатеринбург,15.11.2002,"-141,04"
Екатеринбург,16.11.2002,"-141,5592308"
Новосибирск,12.11.2002,"-142,0784615"
Новосибирск,13.11.2002,"-142,5976923"
Новосибирск,14.11.2002,"-143,1169231"
Новосибирск,15.11.2002,"-143,6361538"
Новосибирск,16.11.2002,"-144,1553846"
Могилёв,12.11.2002,"-144,6746154"
Могилёв,13.11.2002,"-145,1938462"
Могилёв,14.11.2002,"-145,7130769"
Могилёв,15.11.2002,"-146,2323077"
Могилёв,16.11.2002,"-146,7515385"
Иркутск,12.11.2002,"-147,2707692"
Иркутск,13.11.2002,"-147,79"
Иркутск,14.11.2002,"-148,3092308"
Иркутск,15.11.2002,"-148,8284615"
Иркутск,16.11.2002,"-149,3476923"
Москва,12.11.2002,"-149,8669231"
Москва,13.11.2002,"-150,3861538"
Москва,14.11.2002,"-150,9053846"
Москва,15.11.2002,"-151,4246154"
Москва,16.11.2002,"-151,9438462"
Екатеринбург,12.11.2002,"-152,4630769"
Екатеринбург,13.11.2002,"-152,9823077"
Екатеринбург,14.11.2002,"-153,5015385"
Екатеринбург,15.11.2002,"-154,0207692"
Екатеринбург,16.11.2002,"-154,54"
Новосибирск,12.11.2002,"-155,0592308"
Новосибирск,13.11.2002,"-155,5784615"
Новосибирск,14.11.2002,"-156,0976923"
Новосибирск,15.11.2002,"-156,6169231"
Новосибирск,16.11.2002,"-157,1361538"
Могилёв,12.11.2002,"-157,6553846"
Могилёв,13.11.2002,"-158,1746154"
Могилёв,14.11.2002,"-158,6938462"
Могилёв,15.11.2002,"-159,2130769"
Москва,12.11.2002,"-159,7323077"
Москва,13.11.2002,"-160,2515385"
Москва,14.11.2002,"-160,7707692"
Москва,15.11.2002,"-161,29"
Москва,16.11.2002,"-161,8092308"
Екатеринбург,12.11.2002,"-162,3284615"
Екатеринбург,13.11.2002,"-162,8476923"
Екатеринбург,14.11.2002,"-163,3669231"
Екатеринбург,15.11.2002,"-163,8861538"
Екатеринбург,16.11.2002,"-164,4053846"
Новосибирск,12.11.2002,"-164,9246154"
Новосибирск,13.11.2002,"-165,4438462"
Новосибирск,14.11.2002,"-165,9630769"
Новосибирск,15.11.2002,"-166,4823077"
Новосибирск,16.11.2002,"-167,0015385"
Могилёв,12.11.2002,"-167,5207692"
Могилёв,13.11.2002,"-168,04"
Могилёв,14.11.2002,"-168,5592308"
Могилёв,15.11.2002,"-169,0784615"
Могилёв,16.11.2002,"-169,5976923"
Иркутск,12.11.2002,"-170,1169231"
Иркутск,13.11.2002,"-170,6361538"
Иркутск,14.11.2002,"-171,1553846"
Иркутск,15.11.2002,"-171,6746154"
Иркутск,16.11.2002,"-172,1938462"
Москва,12.11.2002,"-172,7130769"
Москва,13.11.2002,"-173,2323077"
Москва,14.11.2002,"-173,7515385"
Москва,15.11.2002,"-174,2707692"
Москва,16.11.2002,"-174,79"
Екатеринбург,12.11.2002,"-175,3092308"
Екатеринбург,13.11.2002,"-175,8284615"
Екатеринбург,14.11.2002,"-176,3476923"
Екатеринбург,15.11.2002,"-176,8669231"
Екатеринбург,16.11.2002,"-177,3861538"
Новосибирск,12.11.2002,"-177,9053846"
Новосибирск,13.11.2002,"-178,4246154"
Новосибирск,14.11.2002,"-178,9438462"
Новосибирск,15.11.2002,"-179,4630769"
Новосибирск,16.11.2002,"-179,9823077"
Могилёв,12.11.2002,"-180,5015385"
Могилёв,13.11.2002,"-181,0207692"
Могилёв,14.11.2002,"-181,54"
Могилёв,15.11.2002,"-182,0592308"
Москва,12.11.2002,"-182,5784615"
Москва,13.11.2002,"-183,0976923"
Москва,14.11.2002,"-183,6169231"
Москва,15.11.2002,"-184,1361538"
Москва,16.11.2002,"-184,6553846"
Екатеринбург,12.11.2002,"-185,1746154"
Екатеринбург,13.11.2002,"-185,6938462"
Екатеринбург,14.11.2002,"-186,2130769"
Екатеринбург,15.11.2002,"-186,7323077"
Екатеринбург,16.11.2002,"-187,2515385"
Новосибирск,12.11.2002,"-187,7707692"
Новосибирск,13.11.2002,"-188,29"
Новосибирск,14.11.2002,"-188,8092308"
Новосибирск,15.11.2002,"-189,3284615"
Новосибирск,16.11.2002,"-189,8476923"
Могилёв,12.11.2002,"-190,3669231"
Могилёв,13.11.2002,"-190,8861538"
Могилёв,14.11.2002,"-191,4053846"
Могилёв,15.11.2002,"-191,9246154"
Могилёв,16.11.2002,"-192,4438462"
Иркутск,12.11.2002,"-192,9630769"
Иркутск,13.11.2002,"-193,4823077"
Иркутск,14.11.2002,"-194,0015385"
Иркутск,15.11.2002,"-194,5207692"
Иркутск,16.11.2002,"-195,04"
Москва,12.11.2002,"-195,5592308"
Москва,13.11.2002,"-196,0784615"
Москва,14.11.2002,"-196,5976923"
Москва,15.11.2002,"-197,1169231"
Москва,16.11.2002,"-197,6361538"
Екатеринбург,12.11.2002,"-198,1553846"
Екатеринбург,13.11.2002,"-198,6746154"
Екатеринбург,14.11.2002,"-199,1938462"
Екатеринбург,15.11.2002,"-199,7130769"
Екатеринбург,16.11.2002,"-200,2323077"
Новосибирск,12.11.2002,"-200,7515385"
Новосибирск,13.11.2002,"-201,2707692"
Новосибирск,14.11.2002,"-201,79"
Новосибирск,15.11.2002,"-202,3092308"
Новосибирск,16.11.2002,"-202,8284615"
Могилёв,12.11.2002,"-203,3476923"
Могилёв,13.11.2002,"-203,8669231"
Могилёв,14.11.2002,"-204,3861538"
Могилёв,15.11.2002,"-204,9053846"
Москва,12.11.2002,"-205,4246154"
Москва,13.11.2002,"-205,9438462"
Москва,14.11.2002,"-206,4630769"
Москва,15.11.2002,"-206,9823077"
Москва,16.11.2002,"-207,5015385"
Екатеринбург,12.11.2002,"-208,0207692"
Екатеринбург,13.11.2002,"-208,54"
Екатеринбург,14.11.2002,"-209,0592308"
Екатеринбург,15.11.2002,"-209,5784615"
Екатеринбург,16.11.2002,"-210,0976923"
Новосибирск,12.11.2002,"-210,6169231"
Новосибирск,13.11.2002,"-211,1361538"
Новосибирск,14.11.2002,"-211,6553846"
Новосибирск,15.11.2002,"-212,1746154"
Новосибирск,16.11.2002,"-212,6938462"
Могилёв,12.11.2002,"-213,2130769"
Могилёв,13.11.2002,"-213,7323077"
Могилёв,14.11.2002,"-214,2515385"
Могилёв,15.11.2002,"-214,7707692"
Могилёв,16.11.2002,"-215,29"
Иркутск,12.11.2002,"-215,8092308"
Иркутск,13.11.2002,"-216,3284615"
Иркутск,14.11.2002,"-216,8476923"
Иркутск,15.11.2002,"-217,3669231"
Иркутск,16.11.2002,"-217,8861538"
Москва,12.11.2002,"-218,4053846"
Москва,13.11.2002,"-218,9246154"
Москва,14.11.2002,"-219,4438462"
Москва,15.11.2002,"-219,9630769"
Москва,16.11.2002,"-220,4823077"
Екатеринбург,12.11.2002,"-221,0015385"
Екатеринбург,13.11.2002,"-221,5207692"
Екатеринбург,14.11.2002,"-222,04"
Екатеринбург,15.11.2002,"-222,5592308"
Екатеринбург,16.11.2002,"-223,0784615"
Новосибирск,12.11.2002,"-223,5976923"
Новосибирск,13.11.2002,"-224,1169231"
Новосибирск,14.11.2002,"-224,6361538"
Новосибирск,15.11.2002,"-225,1553846"
Новосибирск,16.11.2002,"-225,6746154"
Могилёв,12.11.2002,"-226,1938462"
Могилёв,13.11.2002,"-226,7130769"
Могилёв,14.11.2002,"-227,2323077"
Могилёв,15.11.2002,"-227,7515385"
Москва,12.11.2002,"-228,2707692"
Москва,13.11.2002,"-228,79"
Москва,14.11.2002,"-229,3092308"
Москва,15.11.2002,"-229,8284615"
Москва,16.11.2002,"-230,3476923"
Екатеринбург,12.11.2002,"-230,8669231"
Екатеринбург,13.11.2002,"-231,3861538"
Екатеринбург,14.11.2002,"-231,9053846"
Екатеринбург,15.11.2002,"-232,4246154"
Екатеринбург,16.11.2002,"-232,9438462"
Новосибирск,12.11.2002,"-233,4630769"
Новосибирск,13.11.2002,"-233,9823077"
Новосибирск,14.11.2002,"-234,5015385"
Новосибирск,15.11.2002,"-235,0207692"
Новосибирск,16.11.2002,"-235,54"
Могилёв,12.11.2002,"-236,0592308"
Могилёв,13.11.2002,"-236,5784615"
Могилёв,14.11.2002,"-237,0976923"
Могилёв,15.11.2002,"-237,6169231"
Могилёв,16.11.2002,"-238,1361538"
Иркутск,12.11.2002,"-238,6553846"
Иркутск,13.11.2002,"-239,1746154"
Иркутск,14.11.2002,"-239,6938462"
Иркутск,15.11.2002,"-240,2130769"
Иркутск,16.11.2002,"-240,7323077"
Москва,12.11.2002,"-241,2515385"
Москва,13.11.2002,"-241,7707692"
Москва,14.11.2002,"-242,29"
Москва,15.11.2002,"-242,8092308"
Москва,16.11.2002,"-243,3284615"
Екатеринбург,12.11.2002,"-243,8476923"
Екатеринбург,13.11.2002,"-244,3669231"
Екатеринбург,14.11.2002,"-244,8861538"
Екатеринбург,15.11.2002,"-245,4053846"
Екатеринбург,16.11.2002,"-245,9246154"
Новосибирск,12.11.2002,"-246,4438462"
Новосибирск,13.11.2002,"-246,9630769"
Новосибирск,14.11.2002,"-247,4823077"
Новосибирск,15.11.2002,"-248,0015385"
Новосибирск,16.11.2002,"-248,5207692"
Могилёв,12.11.2002,"-249,04"
Могилёв,13.11.2002,"-249,5592308"
Могилёв,14.11.2002,"-250,0784615"
Могилёв,15.11.2002,"-250,5976923"
Москва,12.11.2002,"-251,1169231"
Москва,13.11.2002,"-251,6361538"
Москва,14.11.2002,"-252,1553846"
Москва,15.11.2002,"-252,6746154"
Москва,16.11.2002,"-253,1938462"
Екатеринбург,12.11.2002,"-253,7130769"
Екатеринбург,13.11.2002,"-254,2323077"
Екатеринбург,14.11.2002,"-254,7515385"
Екатеринбург,15.11.2002,"-255,2707692"
Екатеринбург,16.11.2002,"-255,79"
Новосибирск,12.11.2002,"-256,3092308"
Новосибирск,13.11.2002,"-256,8284615"
Новосибирск,14.11.2002,"-257,3476923"
Новосибирск,15.11.2002,"-257,8669231"
Новосибирск,16.11.2002,"-258,3861538"
Могилёв,12.11.2002,"-258,9053846"
Могилёв,13.11.2002,"-259,4246154"
Могилёв,14.11.2002,"-259,9438462"
Могилёв,15.11.2002,"-260,4630769"
Могилёв,16.11.2002,"-260,9823077"
Иркутск,12.11.2002,"-261,5015385"
Иркутск,13.11.2002,"-262,0207692"
Иркутск,14.11.2002,"-262,54"
Иркутск,15.11.2002,"-263,0592308"
Иркутск,16.11.2002,"-263,5784615"
Москва,12.11.2002,"-264,0976923"
Москва,13.11.2002,"-264,6169231"
Москва,14.11.2002,"-265,1361538"
Москва,15.11.2002,"-265,6553846"
Москва,16.11.2002,"-266,1746154"
Екатеринбург,12.11.2002,"-266,6938462"
Екатеринбург,13.11.2002,"-267,2130769"
Екатеринбург,14.11.2002,"-267,7323077"
Екатеринбург,15.11.2002,"-268,2515385"
Екатеринбург,16.11.2002,"-268,7707692"
Новосибирск,12.11.2002,"-269,29"
Новосибирск,13.11.2002,"-269,8092308"
Новосибирск,14.11.2002,"-270,3284615"
Новосибирск,15.11.2002,"-270,8476923"
Новосибирск,16.11.2002,"-271,3669231"
Могилёв,12.11.2002,"-271,8861538"
Могилёв,13.11.2002,"-272,4053846"
Могилёв,14.11.2002,"-272,9246154"
Могилёв,15.11.2002,"-273,4438462"
Москва,12.11.2002,"-273,9630769"
Москва,13.11.2002,"-274,4823077"
Москва,14.11.2002,"-275,0015385"
Москва,15.11.2002,"-275,5207692"
Москва,16.11.2002,"-276,04"
Екатеринбург,12.11.2002,"-276,5592308"
Екатеринбург,13.11.2002,"-277,0784615"
Екатеринбург,14.11.2002,"-277,5976923"
Екатеринбург,15.11.2002,"-278,1169231"
Екатеринбург,16.11.2002,"-278,6361538"
Новосибирск,12.11.2002,"-279,1553846"
Новосибирск,13.11.2002,"-279,6746154"
Новосибирск,14.11.2002,"-280,1938462"
Новосибирск,15.11.2002,"-280,7130769"
Новосибирск,16.11.2002,"-281,2323077"
Могилёв,12.11.2002,"-281,7515385"
Могилёв,13.11.2002,"-282,2707692"
Могилёв,14.11.2002,"-282,79"
Могилёв,15.11.2002,"-283,3092308"
Могилёв,16.11.2002,"-283,8284615"
Иркутск,12.11.2002,"-284,3476923"
Иркутск,13.11.2002,"-284,8669231"
Иркутск,14.11.2002,"-285,3861538"
Иркутск,15.11.2002,"-285,9053846"
Иркутск,16.11.2002,"-286,4246154"
Москва,12.11.2002,"-286,9438462"
Москва,13.11.2002,"-287,4630769"
Москва,14.11.2002,"-287,9823077"
Москва,15.11.2002,"-288,5015385"
Москва,16.11.2002,"-289,0207692"
Екатеринбург,12.11.2002,"-289,54"
Екатеринбург,13.11.2002,"-290,0592308"
Екатеринбург,14.11.2002,"-290,5784615"
Екатеринбург,15.11.2002,"-291,0976923"
Екатеринбург,16.11.2002,"-291,6169231"
Новосибирск,12.11.2002,"-292,1361538"
Новосибирск,13.11.2002,"-292,6553846"
Новосибирск,14.11.2002,"-293,1746154"
Новосибирск,15.11.2002,"-293,6938462"
Новосибирск,16.11.2002,"-294,2130769"
Могилёв,12.11.2002,"-294,7323077"
Могилёв,13.11.2002,"-295,2515385"
Могилёв,14.11.2002,"-295,7707692"
Могилёв,15.11.2002,"-296,29"
Москва,12.11.2002,"-296,8092308"
Москва,13.11.2002,"-297,3284615"
Москва,14.11.2002,"-297,8476923"
Москва,15.11.2002,"-298,3669231"
Москва,16.11.2002,"-298,8861538"
Екатеринбург,12.11.2002,"-299,4053846"
Екатеринбург,13.11.2002,"-299,9246154"
Екатеринбург,14.11.2002,"-300,4438462"
Екатеринбург,15.11.2002,"-300,9630769"
Екатеринбург,16.11.2002,"-301,4823077"
Новосибирск,12.11.2002,"-302,0015385"
Новосибирск,13.11.2002,"-302,5207692"
Новосибирск,14.11.2002,"-303,04"
Новосибирск,15.11.2002,"-303,5592308"
Новосибирск,16.11.2002,"-304,0784615"
Могилёв,12.11.2002,"-304,5976923"
Могилёв,13.11.2002,"-305,1169231"
Могилёв,14.11.2002,"-305,6361538"
Могилёв,15.11.2002,"-306,1553846"
Могилёв,16.11.2002,"-306,6746154"
Иркутск,12.11.2002,"-307,1938462"
Иркутск,13.11.2002,"-307,7130769"
Иркутск,14.11.2002,"-308,2323077"
Иркутск,15.11.2002,"-308,7515385"
Иркутск,16.11.2002,"-309,2707692"
Москва,12.11.2002,"-309,79"
Москва,13.11.2002,"-310,3092308"
Москва,14.11.2002,"-310,8284615"
Москва,15.11.2002,"-311,3476923"
Москва,16.11.2002,"-311,8669231"
Екатеринбург,12.11.2002,"-312,3861538"
Екатеринбург,13.11.2002,"-312,9053846"
Екатеринбург,14.11.2002,"-313,4246154"
Екатеринбург,15.11.2002,"-313,9438462"
Екатеринбург,16.11.2002,"-314,4630769"
Новосибирск,12.11.2002,"-314,9823077"
Новосибирск,13.11.2002,"-315,5015385"
Новосибирск,14.11.2002,"-316,0207692"
Новосибирск,15.11.2002,"-316,54"
Новосибирск,16.11.2002,"-317,0592308"
Могилёв,12.11.2002,"-317,5784615"
Могилёв,13.11.2002,"-318,0976923"
Могилёв,14.11.2002,"-318,6169231"
Могилёв,15.11.2002,"-319,1361538"
Москва,12.11.2002,"-319,6553846"
Москва,13.11.2002,"-320,1746154"
Москва,14.11.2002,"-320,6938462"
Москва,15.11.2002,"-321,2130769"
Москва,16.11.2002,"-321,7323077"
Екатеринбург,12.11.2002,"-322,2515385"
Екатеринбург,13.11.2002,"-322,7707692"
Екатеринбург,14.11.2002,"-323,29"
Екатеринбург,15.11.2002,"-323,8092308"
Екатеринбург,16.11.2002,"-324,3284615"
Новосибирск,12.11.2002,"-324,8476923"
Новосибирск,13.11.2002,"-325,3669231"
Новосибирск,14.11.2002,"-325,8861538"
Новосибирск,15.11.2002,"-326,4053846"
Новосибирск,16.11.2002,"-326,9246154"
Могилёв,12.11.2002,"-327,4438462"
Могилёв,13.11.2002,"-327,9630769"
Могилёв,14.11.2002,"-328,4823077"
Могилёв,15.11.2002,"-329,0015385"
Могилёв,16.11.2002,"-329,5207692"
Иркутск,12.11.2002,"-330,04"
Иркутск,13.11.2002,"-330,5592308"
Иркутск,14.11.2002,"-331,0784615"
Иркутск,15.11.2002,"-331,5976923"
Иркутск,16.11.2002,"-332,1169231"
Москва,12.11.2002,"-332,6361538"
Москва,13.11.2002,"-333,1553846"
Москва,14.11.2002,"-333,6746154"
Москва,15.11.2002,"-334,1938462"
Москва,16.11.2002,"-334,7130769"
Екатеринбург,12.11.2002,"-335,2323077"
Екатеринбург,13.11.2002,"-335,7515385"
Екатеринбург,14.11.2002,"-336,2707692"
Екатеринбург,15.11.2002,"-336,79"
Екатеринбург,16.11.2002,"-337,3092308"
Новосибирск,12.11.2002,"-337,8284615"
Новосибирск,13.11.2002,"-338,3476923"
Новосибирск,14.11.2002,"-338,8669231"
Новосибирск,15.11.2002,"-339,3861538"
Новосибирск,16.11.2002,"-339,9053846"
Могилёв,12.11.2002,"-340,4246154"
Могилёв,13.11.2002,"-340,9438462"
Могилёв,14.11.2002,"-341,4630769"
Могилёв,15.11.2002,"-341,9823077"
Москва,12.11.2002,"-342,5015385"
Москва,13.11.2002,"-343,0207692"
Москва,14.11.2002,"-343,54"
Москва,15.11.2002,"-344,0592308"
Москва,16.11.2002,"-344,5784615"
Екатеринбург,12.11.2002,"-345,0976923"
Екатеринбург,13.11.2002,"-345,6169231"
Екатеринбург,14.11.2002,"-346,1361538"
Екатеринбург,15.11.2002,"-346,6553846"
Екатеринбург,16.11.2002,"-347,1746154"
Новосибирск,12.11.2002,"-347,6938462"
Новосибирск,13.11.2002,"-348,2130769"
Новосибирск,14.11.2002,"-348,7323077"
Новосибирск,15.11.2002,"-349,2515385"
Новосибирск,16.11.2002,"-349,7707692"
Могилёв,12.11.2002,"-350,29"
Могилёв,13.11.2002,"-350,8092308"
Могилёв,14.11.2002,"-351,3284615"
Могилёв,15.11.2002,"-351,8476923"
Могилёв,16.11.2002,"-352,3669231"
Иркутск,12.11.2002,"-352,8861538"
Иркутск,13.11.2002,"-353,4053846"
Иркутск,14.11.2002,"-353,9246154"
Иркутск,15.11.2002,"-354,4438462"
Иркутск,16.11.2002,"-354,9630769"
Москва,12.11.2002,"-355,4823077"
Москва,13.11.2002,"-356,0015385"
Москва,14.11.2002,"-356,5207692"
Москва,15.11.2002,"-357,04"
Москва,16.11.2002,"-357,5592308"
Екатеринбург,12.11.2002,"-358,0784615"
Екатеринбург,13.11.2002,"-358,5976923"
Екатеринбург,14.11.2002,"-359,1169231"
Екатеринбург,15.11.2002,"-359,6361538"
Екатеринбург,16.11.2002,"-360,1553846"
Новосибирск,12.11.2002,"-360,6746154"
Новосибирск,13.11.2002,"-361,1938462"
Новосибирск,14.11.2002,"-361,7130769"
Новосибирск,15.11.2002,"-362,2323077"
Новосибирск,16.11.2002,"-362,7515385"
Могилёв,12.11.2002,"-363,2707692"
Могилёв,13.11.2002,"-363,79"
Могилёв,14.11.2002,"-364,3092308"
Могилёв,15.11.2002,"-364,8284615"
Москва,12.11.2002,"-365,3476923"
Москва,13.11.2002,"-365,8669231"
Москва,14.11.2002,"-366,3861538"
Москва,15.11.2002,"-366,9053846"
Москва,16.11.2002,"-367,4246154"
Екатеринбург,12.11.2002,"-367,9438462"
Екатеринбург,13.11.2002,"-368,4630769"
Екатеринбург,14.11.2002,"-368,9823077"
Екатеринбург,15.11.2002,"-369,5015385"
Екатеринбург,16.11.2002,"-370,0207692"
Новосибирск,12.11.2002,"-370,54"
Новосибирск,13.11.2002,"-371,0592308"
Новосибирск,14.11.2002,"-371,5784615"
Новосибирск,15.11.2002,"-372,0976923"
Новосибирск,16.11.2002,"-372,6169231"
Могилёв,12.11.2002,"-373,1361538"
Могилёв,13.11.2002,"-373,6553846"
Могилёв,14.11.2002,"-374,1746154"
Могилёв,15.11.2002,"-374,6938462"
Могилёв,16.11.2002,"-375,2130769"
Иркутск,12.11.2002,"-375,7323077"
Иркутск,13.11.2002,"-376,2515385"
Иркутск,14.11.2002,"-376,7707692"
Иркутск,15.11.2002,"-377,29"
Иркутск,16.11.2002,"-377,8092308"
Москва,12.11.2002,"-378,3284615"
Москва,13.11.2002,"-378,8476923"
Москва,14.11.2002,"-379,3669231"
Москва,15.11.2002,"-379,8861538"
Москва,16.11.2002,"-380,4053846"
Екатеринбург,12.11.2002,"-380,9246154"
Екатеринбург,13.11.2002,"-381,4438462"
Екатеринбург,14.11.2002,"-381,9630769"
Екатеринбург,15.11.2002,"-382,4823077"
Екатеринбург,16.11.2002,"-383,0015385"
Новосибирск,12.11.2002,"-383,5207692"
Новосибирск,13.11.2002,"-384,04"
Новосибирск,14.11.2002,"-384,5592308"
Новосибирск,15.11.2002,"-385,0784615"
Новосибирск,16.11.2002,"-385,5976923"
Могилёв,12.11.2002,"-386,1169231"
Могилёв,13.11.2002,"-386,6361538"
Могилёв,14.11.2002,"-387,1553846"
Могилёв,15.11.2002,"-387,6746154"
Москва,12.11.2002,"-388,1938462"
Москва,13.11.2002,"-388,7130769"
Москва,14.11.2002,"-389,2323077"
Москва,15.11.2002,"-389,7515385"
Москва,16.11.2002,"-390,2707692"
Екатеринбург,12.11.2002,"-390,79"
Екатеринбург,13.11.2002,"-391,3092308"
Екатеринбург,14.11.2002,"-391,8284615"
Екатеринбург,15.11.2002,"-392,3476923"
Екатеринбург,16.11.2002,"-392,8669231"
Новосибирск,12.11.2002,"-393,3861538"
Новосибирск,13.11.2002,"-393,9053846"
Новосибирск,14.11.2002,"-394,4246154"
Новосибирск,15.11.2002,"-394,9438462"
Новосибирск,16.11.2002,"-395,4630769"
Могилёв,12.11.2002,"-395,9823077"
Могилёв,13.11.2002,"-396,5015385"
Могилёв,14.11.2002,"-397,0207692"
Могилёв,15.11.2002,"-397,54"
Могилёв,16.11.2002,"-398,0592308"
Иркутск,12.11.2002,"-398,5784615"
Иркутск,13.11.2002,"-399,0976923"
Иркутск,14.11.2002,"-399,6169231"
Иркутск,15.11.2002,"-400,1361538"
Иркутск,16.11.2002,"-400,6553846"
Москва,12.11.2002,"-401,1746154"
Москва,13.11.2002,"-401,6938462"
Москва,14.11.2002,"-402,2130769"
Москва,15.11.2002,"-402,7323077"
Москва,16.11.2002,"-403,2515385"
Екатеринбург,12.11.2002,"-403,7707692"
Екатеринбург,13.11.2002,"-404,29"
Екатеринбург,14.11.2002,"-404,8092308"
Екатеринбург,15.11.2002,"-405,3284615"
Екатеринбург,16.11.2002,"-405,8476923"
Новосибирск,12.11.2002,"-406,3669231"
Новосибирск,13.11.2002,"-406,8861538"
Новосибирск,14.11.2002,"-407,4053846"
Новосибирск,15.11.2002,"-407,9246154"
Новосибирск,16.11.2002,"-408,4438462"
Могилёв,12.11.2002,"-408,9630769"
Могилёв,13.11.2002,"-409,4823077"
Могилёв,14.11.2002,"-410,0015385"
Могилёв,15.11.2002,"-410,5207692"
Москва,12.11.2002,"-411,04"
Москва,13.11.2002,"-411,5592308"
Москва,14.11.2002,"-412,0784615"
Москва,15.11.2002,"-412,5976923"
Москва,16.11.2002,"-413,1169231"
Екатеринбург,12.11.2002,"-413,6361538"
Екатеринбург,13.11.2002,"-414,1553846"
Екатеринбург,14.11.2002,"-414,6746154"
Екатеринбург,15.11.2002,"-415,1938462"
Екатеринбург,16.11.2002,"-415,7130769"
Новосибирск,12.11.2002,"-416,2323077"
Новосибирск,13.11.2002,"-416,7515385"
Новосибирск,14.11.2002,"-417,2707692"
Новосибирск,15.11.2002,"-417,79"
Новосибирск,16.11.2002,"-418,3092308"
Могилёв,12.11.2002,"-418,8284615"
Могилёв,13.11.2002,"-419,3476923"
Могилёв,14.11.2002,"-419,8669231"
Могилёв,15.11.2002,"-420,3861538"
Могилёв,16.11.2002,"-420,9053846"
Иркутск,12.11.2002,"-421,4246154"
Иркутск,13.11.2002,"-421,9438462"
Иркутск,14.11.2002,"-422,4630769"
Иркутск,15.11.2002,"-422,9823077"
Иркутск,16.11.2002,"-423,5015385"
Москва,12.11.2002,"-424,0207692"
Москва,13.11.2002,"-424,54"
Москва,14.11.2002,"-425,0592308"
Москва,15.11.2002,"-425,5784615"
Москва,16.11.2002,"-426,0976923"
Екатеринбург,12.11.2002,"-426,6169231"
Екатеринбург,13.11.2002,"-427,1361538"
Екатеринбург,14.11.2002,"-427,6553846"
Екатеринбург,15.11.2002,"-428,1746154"
Екатеринбург,16.11.2002,"-428,6938462"
Новосибирск,12.11.2002,"-429,2130769"
Новосибирск,13.11.2002,"-429,7323077"
Новосибирск,14.11.2002,"-430,2515385"
Новосибирск,15.11.2002,"-430,7707692"
Новосибирск,16.11.2002,"-431,29"
Могилёв,12.11.2002,"-431,8092308"
Могилёв,13.11.2002,"-432,3284615"
Могилёв,14.11.2002,"-432,8476923"
Могилёв,15.11.2002,"-433,3669231"
Москва,12.11.2002,"-433,8861538"
Москва,13.11.2002,"-434,4053846"
Москва,14.11.2002,"-434,9246154"
Москва,15.11.2002,"-435,4438462"
Москва,16.11.2002,"-435,9630769"
Екатеринбург,12.11.2002,"-436,4823077"
Екатеринбург,13.11.2002,"-437,0015385"
Екатеринбург,14.11.2002,"-437,5207692"
Екатеринбург,15.11.2002,"-438,04"
Екатеринбург,16.11.2002,"-438,5592308"
Новосибирск,12.11.2002,"-439,0784615"
Новосибирск,13.11.2002,"-439,5976923"
Новосибирск,14.11.2002,"-440,1169231"
Новосибирск,15.11.2002,"-440,6361538"
Новосибирск,16.11.2002,"-441,1553846"
Могилёв,12.11.2002,"-441,6746154"
Могилёв,13.11.2002,"-442,1938462"
Могилёв,14.11.2002,"-442,7130769"
Могилёв,15.11.2002,"-443,2323077"
Могилёв,16.11.2002,"-443,7515385"
Иркутск,12.11.2002,"-444,2707692"
Иркутск,13.11.2002,"-444,79"
Иркутск,14.11.2002,"-445,3092308"
Иркутск,15.11.2002,"-445,8284615"
Иркутск,16.11.2002,"-446,3476923"
Москва,12.11.2002,"-446,8669231"
Москва,13.11.2002,"-447,3861538"
Москва,14.11.2002,"-447,9053846"
Москва,15.11.2002,"-448,4246154"
Москва,16.11.2002,"-448,9438462"
Екатеринбург,12.11.2002,"-449,4630769"
Екатеринбург,13.11.2002,"-449,9823077"
Екатеринбург,14.11.2002,"-450,5015385"
Екатеринбург,15.11.2002,"-451,0207692"
Екатеринбург,16.11.2002,"-451,54"
Новосибирск,12.11.2002,"-452,0592308"
Новосибирск,13.11.2002,"-452,5784615"
Новосибирск,14.11.2002,"-453,0976923"
Новосибирск,15.11.2002,"-453,6169231"
Новосибирск,16.11.2002,"-454,1361538"
Могилёв,12.11.2002,"-454,6553846"
Могилёв,13.11.2002,"-455,1746154"
Могилёв,14.11.2002,"-455,6938462"
Могилёв,15.11.2002,"-456,2130769"
Москва,12.11.2002,"-456,7323077"
Москва,13.11.2002,"-457,2515385"
Москва,14.11.2002,"-457,7707692"
Москва,15.11.2002,"-458,29"
Москва,16.11.2002,"-458,8092308"
Екатеринбург,12.11.2002,"-459,3284615"
Екатеринбург,13.11.2002,"-459,8476923"
Екатеринбург,14.11.2002,"-460,3669231"
Екатеринбург,15.11.2002,"-460,8861538"
Екатеринбург,16.11.2002,"-461,4053846"
Новосибирск,12.11.2002,"-461,9246154"
Новосибирск,13.11.2002,"-462,4438462"
Новосибирск,14.11.2002,"-462,9630769"
Новосибирск,15.11.2002,"-463,4823077"
Новосибирск,16.11.2002,"-464,0015385"
Могилёв,12.11.2002,"-464,5207692"
Могилёв,13.11.2002,"-465,04"
Могилёв,14.11.2002,"-465,5592308"
Могилёв,15.11.2002,"-466,0784615"
Могилёв,16.11.2002,"-466,5976923"
Иркутск,12.11.2002,"-467,1169231"
Иркутск,13.11.2002,"-467,6361538"
Иркутск,14.11.2002,"-468,1553846"
Иркутск,15.11.2002,"-468,6746154"
Иркутск,16.11.2002,"-469,1938462"
Москва,12.11.2002,"-469,7130769"
Москва,13.11.2002,"-470,2323077"
Москва,14.11.2002,"-470,7515385"
Москва,15.11.2002,"-471,2707692"
Москва,16.11.2002,"-471,79"
Екатеринбург,12.11.2002,"-472,3092308"
Екатеринбург,13.11.2002,"-472,8284615"
Екатеринбург,14.11.2002,"-473,3476923"
Екатеринбург,15.11.2002,"-473,8669231"
Екатеринбург,16.11.2002,"-474,3861538"
Новосибирск,12.11.2002,"-474,9053846"
Новосибирск,13.11.2002,"-475,4246154"
Новосибирск,14.11.2002,"-475,9438462"
Новосибирск,15.11.2002,"-476,4630769"
Новосибирск,16.11.2002,"-476,9823077"
Могилёв,12.11.2002,"-477,5015385"
Могилёв,13.11.2002,"-478,0207692"
Могилёв,14.11.2002,"-478,54"
Могилёв,15.11.2002,"-479,0592308"
Москва,12.11.2002,"-479,5784615"
Москва,13.11.2002,"-480,0976923"
Москва,14.11.2002,"-480,6169231"
Москва,15.11.2002,"-481,1361538"
Москва,16.11.2002,"-481,6553846"
Екатеринбург,12.11.2002,"-482,1746154"
Екатеринбург,13.11.2002,"-482,6938462"
Екатеринбург,14.11.2002,"-483,2130769"
Екатеринбург,15.11.2002,"-483,7323077"
Екатеринбург,16.11.2002,"-484,2515385"
Новосибирск,12.11.2002,"-484,7707692"
Новосибирск,13.11.2002,"-485,29"
Новосибирск,14.11.2002,"-485,8092308"
Новосибирск,15.11.2002,"-486,3284615"
Новосибирск,16.11.2002,"-486,8476923"
Могилёв,12.11.2002,"-487,3669231"
Могилёв,13.11.2002,"-487,8861538"
Могилёв,14.11.2002,"-488,4053846"
Могилёв,15.11.2002,"-488,9246154"
Могилёв,16.11.2002,"-489,4438462"
Иркутск,12.11.2002,"-489,9630769"
Иркутск,13.11.2002,"-490,4823077"
Иркутск,14.11.2002,"-491,0015385"
Иркутск,15.11.2002,"-491,5207692"
Иркутск,16.11.2002,"-492,04"
Москва,12.11.2002,"-492,5592308"
Москва,13.11.2002,"-493,0784615"
Москва,14.11.2002,"-493,5976923"
Москва,15.11.2002,"-494,1169231"
Москва,16.11.2002,"-494,6361538"
Екатеринбург,12.11.2002,"-495,1553846"
Екатеринбург,13.11.2002,"-495,6746154"
Екатеринбург,14.11.2002,"-496,1938462"
Екатеринбург,15.11.2002,"-496,7130769"
Екатеринбург,16.11.2002,"-497,2323077"
Новосибирск,12.11.2002,"-497,7515385"
Новосибирск,13.11.2002,"-498,2707692"
Новосибирск,14.11.2002,"-498,79"
Новосибирск,15.11.2002,"-499,3092308"
Новосибирск,16.11.2002,"-499,8284615"
Могилёв,12.11.2002,"-500,3476923"
Могилёв,13.11.2002,"-500,8669231"
Могилёв,14.11.2002,"-501,3861538"
Могилёв,15.11.2002,"-501,9053846"
Москва,12.11.2002,"-502,4246154"
Москва,13.11.2002,"-502,9438462"
Москва,14.11.2002,"-503,4630769"
Москва,15.11.2002,"-503,9823077"
Москва,16.11.2002,"-504,5015385"
Екатеринбург,12.11.2002,"-505,0207692"
Екатеринбург,13.11.2002,"-505,54"
Екатеринбург,14.11.2002,"-506,0592308"
Екатеринбург,15.11.2002,"-506,5784615"
Екатеринбург,16.11.2002,"-507,0976923"
Новосибирск,12.11.2002,"-507,6169231"
Новосибирск,13.11.2002,"-508,1361538"
Новосибирск,14.11.2002,"-508,6553846"
Новосибирск,15.11.2002,"-509,1746154"
Новосибирск,16.11.2002,"-509,6938462"
Могилёв,12.11.2002,"-510,2130769"
Могилёв,13.11.2002,"-510,7323077"
Могилёв,14.11.2002,"-511,2515385"
Могилёв,15.11.2002,"-511,7707692"
Могилёв,16.11.2002,"-512,29"
Иркутск,12.11.2002,"-512,8092308"
Иркутск,13.11.2002,"-513,3284615"
Иркутск,14.11.2002,"-513,8476923"
Иркутск,15.11.2002,"-514,3669231"
Иркутск,16.11.2002,"-514,8861538"
Москва,12.11.2002,"-515,4053846"
Москва,13.11.2002,"-515,9246154"
Москва,14.11.2002,"-516,4438462"
Москва,15.11.2002,"-516,9630769"
Москва,16.11.2002,"-517,4823077"
Екатеринбург,12.11.2002,"-518,0015385"